{"1":{"Consumable_Health":13527.342716246825,"OldCurrency":8901.759999999998,"SpareCasing":8850.519387669361,"CompoundSheets":8850.519387669361,"Consumable_Offensive":6637.49349539601,"Attachment":5646.538701231569,"Insulation":5488.742820710969,"CircuitBoard":5352.638941808313,"RadioSpareParts":5352.638941808313,"HydraulicPiston":4797.531799470006,"Alloys":4442.250603446697,"Cables":3912.8652484757026,"CopperWire":3103.5001900374928,"BallBearings":3059.916963070014,"PolymetallicPrefabricate":3048.3690526350038,"Antibiotics":2327.8125545999956,"MagneticFieldStabilizer":2070.393873818763,"Battery":1643.2463525395865,"Jewellery":1577.3500293999991,"Fabrics":1534.8126115145842,"OpticGlass":1395.8439601395962,"CombatCPU_Blue":1281.958607280148,"BlueWood":1219.440434174548,"ShockAbsorber":855.356342806253,"MultiTool":841.791778417505,"CreatureSample":800,"HardDrive_common":786.4199999999995,"AnaestheticsContainers":776.0000309250019,"TOOL_MineralScanner_01":690.9091296000008,"WP_E_Pistol_Bullet_01_scrappy":649.5763289210004,"AluminumParts":622.7193096172269,"Datapad":609.3264100526198,"Adhesive":531.0000544133334,"LiquidFertilizer":510.0995032373897,"Bag_01":451.6456780535627,"Shield_01":393.28717698685466,"Helmet_01":391.2950464475954,"Bag_05":371.70000000000005,"SamplingDevice":342.12501336249943,"HardDrive_uncommon":321.7500072,"WP_E_Pistol_Bullet_01":300.09678447892514,"OldBones":300,"WP_E_SMG_Bullet_01":242.07648104215014,"SampleContainer":235.81819478969737,"WP_A_SMG_Shard_01":211.6933773169653,"WP_E_SMG_Bullet_01_scrappy":193.97288633135005,"WP_E_SGun_Bullet_01_scrappy":193.97288633135005,"WP_E_AR_Energy_01_scrappy":193.97288633135005,"ProteinBar":184.66668744000057,"SmartMesh":182.00001079999984,"Map01_KeyCard_03":151.22749999999988,"Map01_KeyCard_05":151.22749999999988,"Map02_KeyCard_02":151.22124999999988,"Map02_KeyCard_05":151.22124999999988,"WP_E_SGun_Bullet_01":142.55337570044998,"WP_D_Pistol_Bullet_01":127.71477676966555,"WP_G_Pistol_Energy_01":127.71477676966555,"FlightRecorder":100,"PowerPlantItem1":100,"MinerItem2":100,"MinerItem3":100,"MinerItem1":100,"ICAPersonalItem":100,"LaserDrillPart":100,"WP_E_AR_Energy_01":95.03558918565003,"Map02_KeyCard_04":92.325,"HardDrive_rare":89.99999999999993,"Bag_02":89.33653837875008,"WP_G_AR_Needle_01":84.47735092678624,"PrintResin":70.10417660833367,"TOOL_Mining_01":69.09090839999988,"ShardSlicer":53.666676160000485,"WP_E_Sniper_Bullet_01":52.51779459282501,"WP_A_SGun_Energy_01":43.34656279468701,"Gyroscope":41.72500429000012,"CombatCPU_red":40.89000000000002,"Shield_02":39.073739972460835,"Helmet_02":37.87244014146158,"Map01_KeyCard_01":30.77500246200001,"Map01_KeyCard_04":30.77500246200001,"Map01_KeyCard_02":30.77500246200001,"PortableLabEquipmentBox":29.510001180799893,"WP_G_AR_Energy_01":28.897709155908288,"Map02_KeyCard_03":18.46499999999999,"Bag_03":17.86730767574998,"HardDrive_epic":15.450000000000015,"WP_D_LMG_Energy_01":14.448854577954144,"WP_G_SMG_Needle_01":11.43899476180089,"Map01_KeyCard_06":9.232499999999995,"Map01_KeyCard_07":9.232499999999995,"DerelictExplosives":9.1875006125,"AutoLoader":8.28125055,"WP_D_BR_Shard_01":7.224427288977072,"Helmet_03":6.885898207538491,"WP_D_SGun_Shard_01":6.855896857080532,"Shield_03":5.658867712500008,"AlienFruit":4.125000156250001,"Shield_04":4.045833472500004,"WP_A_Pistol_Bullet_01":3.8447788486932004,"WP_D_SMG_Energy_01":3.1935914808077284,"MiniatureReactor":3,"WP_D_AR_Bullet_01":2.2852988323819923,"WP_G_AR_Beam_01":2.2852988323819923,"Bag_04":1.783173075187497,"HardDrive_legendary":1.3800000000000003,"WP_A_AR_Bullet_01":1.277436644442504,"WP_A_BR_Bullet_01":1.1426494041931763,"Map02_KeyCard_01":1.1306249999999993,"Map02_KeyCard_06":1.1306249999999993,"Map02_KeyCard_07":1.1306249999999993,"Map02_KeyCard_08":1.1306249999999993,"Helmet_04":1.0927884962500007,"Shield_05":0.5180555599999997,"Helmet_05":0.4374999999999997,"WP_G_Sniper_Energy_01":0.31935916545391035,"WP_D_Sniper_Gauss_01":0.06387182787884081},"2":{"OldCurrency":15327.970000000023,"Consumable_Health":12534.628145796756,"Attachment":10195.769538248322,"Consumable_Offensive":8410.171277620564,"AluminumParts":6687.589396245011,"Insulation":6513.985137742518,"CircuitBoard":5738.16210933608,"RadioSpareParts":5738.16210933608,"Fabrics":4972.646764605554,"Cables":4538.4842476630165,"SpareCasing":4509.023954066855,"CompoundSheets":4509.023954066855,"BallBearings":4462.250205149974,"HydraulicPiston":4408.406513799998,"Jewellery":4075.5500488300004,"Battery":3884.1628970319894,"Alloys":3433.2502364500024,"PrintResin":3365.066626578775,"ProteinBar":3364.770519545475,"LiquidFertilizer":3314.4606494179243,"AlienFruit":2783.8647347833366,"CombatCPU_Blue":2630.799371059634,"Datapad":2323.029768266968,"OpticGlass":2173.2397487945864,"MultiTool":2124.6877391125063,"BlueWood":2087.0292857566646,"MagneticFieldStabilizer":2062.4000668762587,"PolymetallicPrefabricate":2042.6106329866745,"Antibiotics":1990.2812851000003,"TOOL_MineralScanner_01":1631.8182732000012,"Adhesive":1627.6826438686319,"SmartMesh":1594.5000973000053,"CopperWire":1502.937554812499,"HardDrive_common":1484.7250000000079,"AnaestheticsContainers":1463.4062963250003,"ShardSlicer":1247.826470965057,"SampleContainer":902.9332425875125,"SamplingDevice":841.0000240125004,"HardDrive_uncommon":760.2500291999982,"DerelictExplosives":718.4625516475008,"WP_A_SMG_Shard_01":622.8938472160611,"ShockAbsorber":605.887520970001,"OilPumpPart":600,"CombatCPU_red":433.4800000000009,"Map02_KeyCard_04":409.299999999999,"WP_D_Pistol_Bullet_01":376.8050534194161,"WP_G_Pistol_Energy_01":376.8050534194161,"Bag_01":351.78653813525,"Gyroscope":298.83751960000023,"AutoLoader":286.59376709999935,"Helmet_01":267.5105895739744,"WP_G_AR_Needle_01":256.2375388864242,"Shield_01":251.51197910841887,"WP_E_Pistol_Bullet_01":236.44031562060005,"Bag_02":233.07692282000014,"PortableLabEquipmentBox":233.05001188399848,"HardDrive_rare":222.74999999999898,"Map02_KeyCard_02":192.6787499999994,"Map02_KeyCard_05":192.6787499999994,"WP_E_SMG_Bullet_01":186.27941995880033,"Map01_KeyCard_03":181.89124999999942,"Map01_KeyCard_05":181.89124999999942,"TOOL_Mining_01":163.18181655000066,"Map01_KeyCard_01":128.76667696799987,"Map01_KeyCard_04":128.76667696799987,"Map01_KeyCard_02":128.76667696799987,"WP_A_SGun_Energy_01":127.89344654176415,"Helmet_02":121.33847501374373,"WP_E_SGun_Bullet_01":120.61264184439993,"Shield_02":119.14189298308769,"EngineerItem":100,"AlphaSkull":100,"PowerPlantItem2":100,"WP_G_AR_Energy_01":86.39563286074835,"Map02_KeyCard_03":81.86000000000011,"WP_E_AR_Energy_01":78.3542654507998,"WP_E_Sniper_Bullet_01":77.24588272539991,"HardDrive_epic":51.049999999999855,"Bag_03":46.615384563999925,"WP_D_LMG_Energy_01":42.297816430374176,"Map01_KeyCard_06":38.63000000000001,"Map01_KeyCard_07":38.63000000000001,"WP_G_SMG_Needle_01":32.82866794119519,"WP_D_BR_Shard_01":25.35943451518709,"Helmet_03":22.06154091158983,"WP_D_SGun_Shard_01":19.762200764717143,"Shield_03":16.779487712500018,"WP_A_Pistol_Bullet_01":15.298542945120564,"WP_D_SMG_Energy_01":12.684227628664795,"Shield_04":12.584615786250016,"WP_D_AR_Bullet_01":6.65823324458805,"WP_G_AR_Beam_01":6.65823324458805,"HardDrive_legendary":6.225000000000003,"Bag_04":5.826923070499991,"WP_A_AR_Bullet_01":5.166191257656522,"Map02_KeyCard_01":4.910000000000004,"Map02_KeyCard_06":4.910000000000004,"Map02_KeyCard_07":4.910000000000004,"Map02_KeyCard_08":4.910000000000004,"Helmet_04":4.136538590000003,"WP_A_BR_Bullet_01":3.799182387928923,"Shield_05":2.57916667,"Helmet_05":2.549999999999999,"WP_G_Sniper_Energy_01":1.52658073159668,"WP_E_Pistol_Bullet_01_scrappy":0.918421071,"WP_E_SMG_Bullet_01_scrappy":0.27552630385,"WP_E_SGun_Bullet_01_scrappy":0.27552630385,"WP_E_AR_Energy_01_scrappy":0.27552630385,"WP_D_Sniper_Gauss_01":0.25268454570027693},"total":{"Consumable_Health":26061.97086204357,"OldCurrency":24229.730000000065,"Attachment":15842.308239479811,"Consumable_Offensive":15047.664773016573,"SpareCasing":13359.543341736096,