{
  "1": {
    "Consumable_Health": 13514.069734154495,
    "SpareCasing": 8892.35030475607,
    "CompoundSheets": 8892.35030475607,
    "OldCurrency": 8729.787247199994,
    "Consumable_Offensive": 6589.997255530162,
    "Attachment": 5599.778772864072,
    "Insulation": 5494.464746674248,
    "CircuitBoard": 5375.1294884490235,
    "RadioSpareParts": 5375.1294884490235,
    "HydraulicPiston": 4794.031800950006,
    "Alloys": 4440.5006054000305,
    "Cables": 3930.45246407889,
    "CopperWire": 3103.5001900374928,
    "BallBearings": 3053.5002967833475,
    "PolymetallicPrefabricate": 3048.3690526350038,
    "Antibiotics": 2327.8125545999956,
    "BlueRunnerEgg": 2200,
    "MagneticFieldStabilizer": 2070.393873818763,
    "Battery": 1715.9736293395865,
    "Fabrics": 1534.8126115145842,
    "Jewellery": 1531.612651473738,
    "OpticGlass": 1395.8439601395962,
    "CombatCPU_Blue": 1288.3748373341068,
    "BlueWood": 1219.440434174548,
    "ShockAbsorber": 855.356342806253,
    "MultiTool": 833.6251107708384,
    "CreatureSample": 800,
    "HardDrive_common": 783.4799999999996,
    "AnaestheticsContainers": 776.0000309250019,
    "TOOL_MineralScanner_01": 690.9091296000008,
    "WP_E_Pistol_Bullet_01_scrappy": 650.0355394565004,
    "AluminumParts": 616.6688888138656,
    "Datapad": 612.8170566854126,
    "Adhesive": 531.0000544133334,
    "LiquidFertilizer": 510.0995032373897,
    "Bag_01": 451.7899088223127,
    "Shield_01": 393.4634590400598,
    "Helmet_01": 391.4713285008005,
    "Bag_01_broken": 371.70000000000005,
    "SamplingDevice": 342.12501336249943,
    "HardDrive_uncommon": 320.25000710000006,
    "OldBones": 300,
    "WP_E_Pistol_Bullet_01": 277.36737313092505,
    "SampleContainer": 243.0909219896974,
    "WP_E_SMG_Bullet_01": 223.13530373815013,
    "WP_A_SMG_Shard_01": 200.1626068557345,
    "WP_E_SMG_Bullet_01_scrappy": 194.11064948327504,
    "WP_E_SGun_Bullet_01_scrappy": 194.11064948327504,
    "WP_E_AR_Energy_01_scrappy": 194.11064948327504,
    "ProteinBar": 184.66668744000057,
    "SmartMesh": 178.50001059999983,
    "WP_E_SGun_Bullet_01": 131.18867034844996,
    "WP_D_Pistol_Bullet_01": 120.79631464282708,
    "WP_G_Pistol_Energy_01": 120.79631464282708,
    "Map01_KeyCard_03": 108.42499999999991,
    "Map01_KeyCard_05": 108.42499999999991,
    "Map02_KeyCard_02": 108.4187499999999,
    "Map02_KeyCard_05": 108.4187499999999,
    "FlightRecorder": 100,
    "PowerPlantItem1": 100,
    "MinerItem2": 100,
    "MinerItem3": 100,
    "MinerItem1": 100,
    "ICAPersonalItem": 100,
    "LaserDrillPart": 100,
    "HardDrive_rare": 89.54999999999994,
    "Bag_02": 89.22115376375007,
    "WP_E_AR_Energy_01": 87.45911852165001,
    "WP_G_AR_Needle_01": 79.86504274229391,
    "PrintResin": 70.10417660833367,
    "TOOL_Mining_01": 69.09090839999988,
    "Map02_KeyCard_04": 66.3525,
    "ShardSlicer": 53.666676160000485,
    "WP_E_Sniper_Bullet_01": 48.729559260825006,
    "Gyroscope": 41.72500429000012,
    "WP_A_SGun_Energy_01": 41.50387045321201,
    "Shield_02": 38.93591944387109,
    "CombatCPU_red": 38.49909079999999,
    "Helmet_02": 37.731414483512864,
    "PortableLabEquipmentBox": 29.74242715939397,
    "WP_G_AR_Energy_01": 27.669247568308286,
    "Map01_KeyCard_01": 22.117501769399997,
    "Map01_KeyCard_04": 22.117501769399997,
    "Map01_KeyCard_02": 22.117501769399997,
    "Bag_03": 17.844230752749983,
    "HardDrive_epic": 15.350000000000016,
    "WP_D_LMG_Energy_01": 13.834623784154143,
    "Map02_KeyCard_03": 13.270499999999984,
    "WP_G_SMG_Needle_01": 10.962804261800889,
    "DerelictExplosives": 9.1875006125,
    "AutoLoader": 8.28125055,
    "WP_D_BR_Shard_01": 6.9173118920770715,
    "Helmet_03": 6.860257178820543,
    "Map01_KeyCard_06": 6.635249999999992,
    "Map01_KeyCard_07": 6.635249999999992,
    "WP_D_SGun_Shard_01": 6.570182557080533,
    "Shield_03": 5.639636942500008,
    "AlienFruit": 4.125000156250001,
    "Shield_04": 4.031410395000004,
    "WP_A_Pistol_Bullet_01": 3.6241905986932004,
    "WP_D_SMG_Energy_01": 3.009767950807728,
    "MiniatureReactor": 3,
    "WP_D_AR_Bullet_01": 2.1900607373819914,
    "WP_G_AR_Beam_01": 2.1900607373819914,
    "Bag_04": 1.780288459812497,
    "HardDrive_legendary": 1.3700000000000003,
    "WP_A_AR_Bullet_01": 1.203907229442504,
    "WP_A_BR_Bullet_01": 1.0950303571931768,
    "Helmet_04": 1.0879808037500007,
    "Map03_KeyCard_01": 0.54233337672,
    "Map03_KeyCard_02": 0.54233337672,
    "Map03_KeyCard_03": 0.54233337672,
    "Shield_05": 0.5118055599999998,
    "Helmet_05": 0.43124999999999974,
    "Map02_KeyCard_01": 0.32789999999999997,
    "Map02_KeyCard_06": 0.32789999999999997,
    "Map02_KeyCard_07": 0.32789999999999997,
    "Map02_KeyCard_08": 0.32789999999999997,
    "Map02_KeyCard_09": 0.32789999999999997,
    "WP_G_Sniper_Energy_01": 0.30097681145391036,
    "WP_D_Sniper_Gauss_01": 0.0601953573788408
  },
  "2": {
    "OldCurrency": 15705.518333000013,
    "Consumable_Health": 13364.237261814955,
    "Attachment": 10939.196051403844,
    "Consumable_Offensive": 8794.42663940776,
    "AluminumParts": 7135.018380831961,
    "Insulation": 6770.561850038244,
    "CircuitBoard": 6012.829804841711,
    "RadioSpareParts": 6012.829804841711,
    "Fabrics": 5916.132942812999,
    "Cables": 4929.726351101706,
    "Battery": 4623.90607937872,
    "SpareCasing": 4591.4150689315875,
    "CompoundSheets": 4591.4150689315875,
    "BallBearings": 4522.500205899972,
    "HydraulicPiston": 4429.500263149997,
    "Jewellery": 4304.870722976141,
    "PrintResin": 3792.8412930166505,
    "LiquidFertilizer": 3751.575245088343,
    "ProteinBar": 3685.4793351937506,
    "Alloys": 3414.5002403000035,
    "AlienFruit": 3212.0918424566685,
    "CombatCPU_Blue": 2862.2718465980447,
    "PolymetallicPrefabricate": 2588.5752457200065,
    "Datapad": 2586.9041088835306,
    "OpticGlass": 2551.1002000983376,
    "MultiTool": 2129.0002393000063,
    "MagneticFieldStabilizer": 2113.025067485007,
    "Antibiotics": 2041.1250350000005,
    "Adhesive": 1736.5054443765566,
    "SmartMesh": 1653.000100600003,
    "BlueWood": 1637.2500892833332,
    "TOOL_MineralScanner_01": 1631.8182732000012,
    "AnaestheticsContainers": 1549.2500409000002,
    "ShardSlicer": 1519.5089682231614,
    "HardDrive_common": 1513.3950000000084,
    "CopperWire": 1508.0000553499988,
    "SampleContainer": 1127.0525591665305,
    "SamplingDevice": 900.8750216000003,
    "BlueRunnerEgg": 900,
    "DerelictExplosives": 786.9000540600007,
    "HardDrive_uncommon": 786.7500320999976,
    "WP_A_SMG_Shard_01": 726.19701838665,
    "OilPumpPart": 600,
    "ShockAbsorber": 598.3250206300012,
    "CombatCPU_red": 463.36848350000105,
    "WP_D_Pistol_Bullet_01": 441.2882016538278,
    "WP_G_Pistol_Energy_01": 441.2882016538278,
    "Map02_KeyCard_04": 334.72499999999985,
    "Gyroscope": 321.57502104000025,
    "Bag_01": 301.8038458445002,
    "WP_G_AR_Needle_01": 298.5588073546609,
    "AutoLoader": 297.7500177499993,
    "PortableLabEquipmentBox": 268.65911611272827,
    "Helmet_01": 266.84584712282,
    "Bag_02": 257.63846121300037,
    "Shield_01": 250.94168048282043,
    "HardDrive_rare": 230.09999999999894,
    "WP_E_Pistol_Bullet_01": 211.62235058960013,
    "TOOL_Mining_01": 163.18181655000066,
    "WP_E_SMG_Bullet_01": 161.48530122080047,
    "WP_A_SGun_Energy_01": 150.2862082438372,
    "Helmet_02": 149.32309363917983,
    "Shield_02": 146.66411814564123,
    "Map02_KeyCard_02": 139.08093750000018,
    "Map02_KeyCard_05": 139.08093750000018,
    "Map01_KeyCard_03": 127.04343750000015,
    "Map01_KeyCard_05": 127.04343750000015,
    "WP_E_SGun_Bullet_01": 105.73617195039992,
    "Map01_KeyCard_01": 103.24167492599973,
    "Map01_KeyCard_04": 103.24167492599973,
    "Map01_KeyCard_02": 103.24167492599973,
    "WP_G_AR_Energy_01": 101.52414098558101,
    "AnalysisTool": 100,
    "EngineerItem": 100,
    "AlphaSkull": 100,
    "PowerPlantItem2": 100,
    "WP_E_Sniper_Bullet_01": 67.28705914639988,